{
    "status": "ok",
    "totalResults": 37,
    "articles": [

{    "source": {
    "id": null,
    "name": "Daily Beast"
    },
    "author": "Yasmeen Hamadeh",
    "title": "Greenland Cracks Door Open to Trump’s Imperialist Dreams - The Daily Beast",
    "description": "Greenland Prime Minister Múte Egede said he would take a meeting with Trump.",
    "url": "https://www.thedailybeast.com/greenland-cracks-door-open-to-trumps-imperialistic-dreams/",
    "urlToImage": "https://www.thedailybeast.com/resizer/v2/KL4GNU6KYRGMLPZTLQT5OB5BOM.jpg?smart=true&auth=8f426ea8129cf15120ff967d9a373b81d1c2f2128645a2ae868196b3d10d2a8d&width=1200&height=630",
    "publishedAt": "2025-01-11T22:49:00Z",
    "content": null
    },
{    "source": {
    "id": null,
    "name": "Billboard"
    },
    "author": "Melinda Newman",
    "title": "Legendary Soul Singer Sam Moore, Half of Sam & Dave, Dies at 89 - Billboard",
    "description": "Sam Moore, half of the seminal duo Sam & Dave, died Friday in Coral Gables, Fla. The cause of death was complications from surgery. He was 89.",
    "url": "http://www.billboard.com/music/rb-hip-hop/sam-moore-dead-1235874461/",
    "urlToImage": "https://www.billboard.com/wp-content/uploads/2025/01/sam-moore-obituary-2025-billboard-1548.jpg?w=1024",
    "publishedAt": "2025-01-11T22:41:15Z",
    "content": "Sam Moore, half of the seminal duo Sam &amp; Dave, died Friday (Jan. 10) in Coral Gables, Fla. The cause of death was complications from surgery. He was 89.\r\nMoore, who was revered by artists includi… [+6876 chars]"
    },
{    "source": {
    "id": "cnn",
    "name": "CNN"
    },
    "author": "Jackie Wattles, CNN",
    "title": "A powerful potential challenger to SpaceX’s rocket dominance is poised to launch - Yahoo! Voices",
    "description": "The launch will mark Blue Origin’s first foray into the business of sending rockets to orbit. If successful, it could position the company to better compete ...",
    "url": "https://www.cnn.com/2025/01/11/science/new-glenn-launch-blue-origin/index.html",
    "urlToImage": "https://media.zenfs.com/en/cnn_articles_875/a2506b174e61381ff128145a3fa48967",
    "publishedAt": "2025-01-11T22:35:49Z",
    "content": "Yahoo is using AI to generate takeaways from this article. This means the info may not always match what's in the article. Reporting mistakes helps us improve the experience.Generate Key Takeaways\r\nS… [+5901 chars]"
    },
{    "source": {
    "id": "politico",
    "name": "Politico"
    },
    "author": "Kyle Cheney, Josh Gerstein",
    "title": "Special counsel Jack Smith resigns from DOJ - POLITICO",
    "description": "His departure was disclosed in a court filing submitted Saturday afternoon to U.S. District Judge Aileen Cannon.",
    "url": "https://www.politico.com/news/2025/01/11/jack-smith-resigns-justice-department-trump-criminal-investigation-00197694",
    "urlToImage": "https://static.politico.com/c5/a0/19987b344903a7800a81c641418f/gettyimages-1497253668.jpg",
    "publishedAt": "2025-01-11T21:26:40Z",
    "content": "Garland has said he plans to release publicly only the portion of Smiths report that covers his investigation into Trumps effort to subvert the 2020 election. The attorney general has said in court f… [+3952 chars]"
    },
{    "source": {
    "id": null,
    "name": "HuffPost"
    },
    "author": "CorEy Townsend",
    "title": "Tom Holland's Father Shares Details Of Son's Engagement To Zendaya - HuffPost",
    "description": "In a Patreon post, Holland’s father reportedly joked that his subscribers were likely more interested in the details of Tom’s engagement than any updates from him.",
    "url": "https://www.huffpost.com/entry/tom-holland-zendaya-engagement_n_6782d947e4b0788bdb62b7b2",
    "urlToImage": "https://img.huffingtonpost.com/asset/6782dad4160000590e70afde.jpeg?cache=o24XWllQaH&ops=1200_630",
    "publishedAt": "2025-01-11T21:23:11Z",
    "content": "Tom Holland and Zendaya are officially engaged and the news comes directly from Hollands father himself. \r\nDominic Holland, Toms father, revealed the happy tidings on his Patreon, according to People… [+1058 chars]"
    },

{    "source": {
    "id": "politico",
    "name": "Politico"
    },
    "author": "Associated Press",
    "title": "Israel’s Netanyahu sends Mossad director to Gaza cease-fire talks in Qatar in sign of progress - POLITICO",
    "description": "There is U.S. pressure for a deal before the presidential inauguration on Jan. 20.",
    "url": "https://www.politico.com/news/2025/01/11/netanyahu-mossad-director-gaza-ceasefire-00197693",
    "urlToImage": "https://static.politico.com/b5/2f/eb71157e4d45b3b55198e5ad3b61/israel-palestinians-31026.jpg",
    "publishedAt": "2025-01-11T20:07:23Z",
    "content": "Under discussion is a phased cease-fire, with Netanyahu signaling he is committed only to the first phase, a partial hostage release in exchange for a weekslong halt in fighting.\r\nHamas has insisted … [+4001 chars]"
    },
{    "source": {
    "id": null,
    "name": "[Removed]"
    },
    "author": null,
    "title": "[Removed]",
    "description": "[Removed]",
    "url": "https://removed.com",
    "urlToImage": null,
    "publishedAt": "2025-01-11T18:20:28Z",
    "content": "[Removed]"
    }
    ]
    }